"foldChange","dispersion","u","fdr","power","m","m1","n","time"
2,1,20,0.05,0.8,10000,100,84,1046.576
2,1,20,0.05,0.8,10000,500,67,521.794
2,1,20,0.05,0.8,10000,3000,46,320.648
2,1,20,0.05,0.8,30000,100,95,1095.141
2,1,20,0.05,0.8,30000,500,79,718.649
2,1,20,0.05,0.8,30000,3000,60,510.017
2,1,20,0.05,0.9,10000,100,100,1350.251
2,1,20,0.05,0.9,10000,500,82,736.243
2,1,20,0.05,0.9,10000,3000,58,459.805
2,1,20,0.05,0.9,30000,100,113,1719.866
2,1,20,0.05,0.9,30000,500,95,1245.609
2,1,20,0.05,0.9,30000,3000,73,887.167
2,1,20,0.1,0.8,10000,100,77,961.386
2,1,20,0.1,0.8,10000,500,60,693.164999999999
2,1,20,0.1,0.8,10000,3000,38,322.603999999999
2,1,20,0.1,0.8,30000,100,88,1176.172
2,1,20,0.1,0.8,30000,500,71,778.226999999999
2,1,20,0.1,0.8,30000,3000,52,560.916000000001
2,1,20,0.1,0.9,10000,100,92,1405.487
2,1,20,0.1,0.9,10000,500,73,916.956999999998
2,1,20,0.1,0.9,10000,3000,49,385.035000000001
2,1,20,0.1,0.9,30000,100,104,1636.977
2,1,20,0.1,0.9,30000,500,86,1275.447
2,1,20,0.1,0.9,30000,3000,65,519.731000000003
2,1,20,0.2,0.8,10000,100,68,751.400999999999
2,1,20,0.2,0.8,10000,500,51,372.675999999999
2,1,20,0.2,0.8,10000,3000,29,158.786
2,1,20,0.2,0.8,30000,100,80,829.923
2,1,20,0.2,0.8,30000,500,63,492.769
2,1,20,0.2,0.8,30000,3000,44,297.263000000002
2,1,20,0.2,0.9,10000,100,83,816.446999999999
2,1,20,0.2,0.9,10000,500,64,510.768999999999
2,1,20,0.2,0.9,10000,3000,39,267.920000000001
2,1,20,0.2,0.9,30000,100,95,1076.855
2,1,20,0.2,0.9,30000,500,77,749.893
2,1,20,0.2,0.9,30000,3000,55,514.074000000001
2,2,1,0.05,0.8,10000,100,221,12.1170000000016
2,2,1,0.05,0.8,10000,500,177,8.19999999999709
2,2,1,0.05,0.8,10000,3000,120,6.90200000000186
2,2,1,0.05,0.8,30000,100,250,23.6909999999987
2,2,1,0.05,0.8,30000,500,207,17.0159999999992
2,2,1,0.05,0.8,30000,3000,157,8.83300000000236
2,2,1,0.05,0.9,10000,100,264,23.3319999999985
2,2,1,0.05,0.9,10000,500,215,11.8790000000008
2,2,1,0.05,0.9,10000,3000,151,7.54899999999907
2,2,1,0.05,0.9,30000,100,296,31.1440000000002
2,2,1,0.05,0.9,30000,500,248,17.6749999999983
2,2,1,0.05,0.9,30000,3000,193,9.67000000000189
2,2,1,0.1,0.8,10000,100,201,13.3379999999995
2,2,1,0.1,0.8,10000,500,157,9.67299999999886
2,2,1,0.1,0.8,10000,3000,100,5.23600000000079
2,2,1,0.1,0.8,30000,100,230,18.5820000000022
2,2,1,0.1,0.8,30000,500,187,13.0300000000025
2,2,1,0.1,0.8,30000,3000,137,6.13699999999881
2,2,1,0.1,0.9,10000,100,242,16.8070000000005
2,2,1,0.1,0.9,10000,500,193,11.4819999999996
2,2,1,0.1,0.9,10000,3000,128,6.08599999999913
2,2,1,0.1,0.9,30000,100,274,18.9230000000021
2,2,1,0.1,0.9,30000,500,226,12.5230000000006
2,2,1,0.1,0.9,30000,3000,170,8.93699999999788
2,2,1,0.2,0.8,10000,100,179,9.11800000000201
2,2,1,0.2,0.8,10000,500,135,7.05199999999948
2,2,1,0.2,0.8,10000,3000,78,2.97999999999956
2,2,1,0.2,0.8,30000,100,209,12.9449999999997
2,2,1,0.2,0.8,30000,500,166,10.2769999999982
2,2,1,0.2,0.8,30000,3000,115,5.38600000000204
2,2,1,0.2,0.9,10000,100,218,16.0149999999994
2,2,1,0.2,0.9,10000,500,168,12.4379999999983
2,2,1,0.2,0.9,10000,3000,102,5.92699999999968
2,2,1,0.2,0.9,30000,100,250,23.4610000000026
2,2,1,0.2,0.9,30000,500,202,14.655999999999
2,2,1,0.2,0.9,30000,3000,145,6.1929999999993
2,2,5,0.05,0.8,10000,100,174,279.419000000001
2,2,5,0.05,0.8,10000,500,139,206.279
2,2,5,0.05,0.8,10000,3000,94,112.557
2,2,5,0.05,0.8,30000,100,197,385.966999999999
2,2,5,0.05,0.8,30000,500,163,267.539
2,2,5,0.05,0.8,30000,3000,123,166.473999999998
2,2,5,0.05,0.9,10000,100,207,420.419000000003
2,2,5,0.05,0.9,10000,500,169,285.515999999998
2,2,5,0.05,0.9,10000,3000,119,180.444000000002
2,2,5,0.05,0.9,30000,100,233,442.097
2,2,5,0.05,0.9,30000,500,195,265.850000000001
2,2,5,0.05,0.9,30000,3000,151,180.964999999999
2,2,5,0.1,0.8,10000,100,158,206.653999999999
2,2,5,0.1,0.8,10000,500,123,165.313
2,2,5,0.1,0.8,10000,3000,78,75.2710000000002
2,2,5,0.1,0.8,30000,100,181,370.588999999998
2,2,5,0.1,0.8,30000,500,147,216.922
2,2,5,0.1,0.8,30000,3000,107,136.370000000001
2,2,5,0.1,0.9,10000,100,190,327.060000000002
2,2,5,0.1,0.9,10000,500,151,186.664000000004
2,2,5,0.1,0.9,10000,3000,100,98.1439999999998
2,2,5,0.1,0.9,30000,100,216,367.084000000001
2,2,5,0.1,0.9,30000,500,178,252.783000000001
2,2,5,0.1,0.9,30000,3000,133,163.204999999995
2,2,5,0.2,0.8,10000,100,141,156.663
2,2,5,0.2,0.8,10000,500,106,98.1650000000005
2,2,5,0.2,0.8,10000,3000,61,39.3000000000029
2,2,5,0.2,0.8,30000,100,164,222.974000000003
2,2,5,0.2,0.8,30000,500,130,127.631000000001
2,2,5,0.2,0.8,30000,3000,90,81.8199999999989
2,2,5,0.2,0.9,10000,100,171,241.596000000005
2,2,5,0.2,0.9,10000,500,132,153.403999999995
2,2,5,0.2,0.9,10000,3000,80,57.7330000000002
2,2,5,0.2,0.9,30000,100,197,327.178999999994
2,2,5,0.2,0.9,30000,500,159,189.782999999996
2,2,5,0.2,0.9,30000,3000,114,102.921000000002
8,0.1,5,0.05,0.8,10000,100,2,1.209
8,0.1,5,0.05,0.8,10000,500,2,1.186
8,0.1,5,0.05,0.8,10000,3000,1,0.028
8,0.1,5,0.05,0.8,30000,100,2,1.203
8,0.1,5,0.05,0.8,30000,500,2,1.188
8,0.1,5,0.05,0.8,30000,3000,2,1.194
8,0.1,5,0.05,0.9,10000,100,3,1.176
8,0.1,5,0.05,0.9,10000,500,2,1.177
8,0.1,5,0.05,0.9,10000,3000,2,1.181
8,0.1,5,0.05,0.9,30000,100,3,1.206
8,0.1,5,0.05,0.9,30000,500,2,1.206
8,0.1,5,0.05,0.9,30000,3000,2,1.199
8,0.1,5,0.1,0.8,10000,100,2,1.186
8,0.1,5,0.1,0.8,10000,500,2,1.207
8,0.1,5,0.1,0.8,10000,3000,1,0.0259999999999998
8,0.1,5,0.1,0.8,30000,100,2,1.188
8,0.1,5,0.1,0.8,30000,500,2,1.194
8,0.1,5,0.1,0.8,30000,3000,2,1.195
8,0.1,5,0.1,0.9,10000,100,2,1.181
8,0.1,5,0.1,0.9,10000,500,2,1.189
8,0.1,5,0.1,0.9,10000,3000,2,1.195
8,0.1,5,0.1,0.9,30000,100,3,1.194
8,0.1,5,0.1,0.9,30000,500,2,1.181
8,0.1,5,0.1,0.9,30000,3000,2,1.195
8,0.1,5,0.2,0.8,10000,100,2,1.198
8,0.1,5,0.2,0.8,10000,500,2,1.208
8,0.1,5,0.2,0.8,10000,3000,1,0.0269999999999975
8,0.1,5,0.2,0.8,30000,100,2,1.181
8,0.1,5,0.2,0.8,30000,500,2,1.192
8,0.1,5,0.2,0.8,30000,3000,1,0.0279999999999987
8,0.1,5,0.2,0.9,10000,100,2,1.2
8,0.1,5,0.2,0.9,10000,500,2,1.181
8,0.1,5,0.2,0.9,10000,3000,1,0.0279999999999987
8,0.1,5,0.2,0.9,30000,100,2,1.212
8,0.1,5,0.2,0.9,30000,500,2,1.192
8,0.1,5,0.2,0.9,30000,3000,2,1.18
8,0.1,10,0.05,0.8,10000,100,2,4.017
8,0.1,10,0.05,0.8,10000,500,2,3.916
8,0.1,10,0.05,0.8,10000,3000,1,0.0850000000000009
8,0.1,10,0.05,0.8,30000,100,2,4.031
8,0.1,10,0.05,0.8,30000,500,2,3.916
8,0.1,10,0.05,0.8,30000,3000,1,0.0919999999999987
8,0.1,10,0.05,0.9,10000,100,2,3.924
8,0.1,10,0.05,0.9,10000,500,2,3.91
8,0.1,10,0.05,0.9,10000,3000,1,0.0859999999999985
8,0.1,10,0.05,0.9,30000,100,2,3.912
8,0.1,10,0.05,0.9,30000,500,2,3.937
8,0.1,10,0.05,0.9,30000,3000,2,3.92099999999999
8,0.1,10,0.1,0.8,10000,100,2,3.936
8,0.1,10,0.1,0.8,10000,500,1,0.105999999999995
8,0.1,10,0.1,0.8,10000,3000,1,0.0810000000000031
8,0.1,10,0.1,0.8,30000,100,2,3.934
8,0.1,10,0.1,0.8,30000,500,2,3.952
8,0.1,10,0.1,0.8,30000,3000,1,0.0870000000000033
8,0.1,10,0.1,0.9,10000,100,2,3.90299999999999
8,0.1,10,0.1,0.9,10000,500,2,3.938
8,0.1,10,0.1,0.9,10000,3000,1,0.0969999999999942
8,0.1,10,0.1,0.9,30000,100,2,3.98100000000001
8,0.1,10,0.1,0.9,30000,500,2,3.941
8,0.1,10,0.1,0.9,30000,3000,2,3.94699999999999
8,0.1,10,0.2,0.8,10000,100,2,3.94800000000001
8,0.1,10,0.2,0.8,10000,500,1,0.0840000000000032
8,0.1,10,0.2,0.8,10000,3000,1,0.0849999999999937
8,0.1,10,0.2,0.8,30000,100,2,3.95099999999999
8,0.1,10,0.2,0.8,30000,500,2,3.943
8,0.1,10,0.2,0.8,30000,3000,1,0.105000000000004
8,0.1,10,0.2,0.9,10000,100,2,3.89600000000001
8,0.1,10,0.2,0.9,10000,500,2,4.048
8,0.1,10,0.2,0.9,10000,3000,1,0.0880000000000081
8,0.1,10,0.2,0.9,30000,100,2,3.892
8,0.1,10,0.2,0.9,30000,500,2,3.91000000000001
8,0.1,10,0.2,0.9,30000,3000,1,0.085000000000008
8,0.1,20,0.05,0.8,10000,100,2,15.531
8,0.1,20,0.05,0.8,10000,500,1,0.299999999999983
8,0.1,20,0.05,0.8,10000,3000,1,0.299000000000007
8,0.1,20,0.05,0.8,30000,100,2,15.405
8,0.1,20,0.05,0.8,30000,500,2,15.299
8,0.1,20,0.05,0.8,30000,3000,1,0.318000000000012
8,0.1,20,0.05,0.9,10000,100,2,15.151
8,0.1,20,0.05,0.9,10000,500,2,15.182
8,0.1,20,0.05,0.9,10000,3000,1,0.280000000000001
8,0.1,20,0.05,0.9,30000,100,2,15.09
8,0.1,20,0.05,0.9,30000,500,2,15.133
8,0.1,20,0.05,0.9,30000,3000,2,15.018
8,0.1,20,0.1,0.8,10000,100,2,15.228
8,0.1,20,0.1,0.8,10000,500,1,0.291999999999973
8,0.1,20,0.1,0.8,10000,3000,1,0.302000000000021
8,0.1,20,0.1,0.8,30000,100,2,14.931
8,0.1,20,0.1,0.8,30000,500,2,15.045
8,0.1,20,0.1,0.8,30000,3000,1,0.283999999999992
8,0.1,20,0.1,0.9,10000,100,2,15.011
8,0.1,20,0.1,0.9,10000,500,2,15.375
8,0.1,20,0.1,0.9,10000,3000,1,0.293999999999983
8,0.1,20,0.1,0.9,30000,100,2,15.248
8,0.1,20,0.1,0.9,30000,500,2,15.225
8,0.1,20,0.1,0.9,30000,3000,1,0.285000000000025
8,0.1,20,0.2,0.8,10000,100,1,0.29000000000002
8,0.1,20,0.2,0.8,10000,500,1,0.285000000000025
8,0.1,20,0.2,0.8,10000,3000,1,0.29000000000002
8,0.1,20,0.2,0.8,30000,100,2,15.224
8,0.1,20,0.2,0.8,30000,500,1,0.336999999999989
8,0.1,20,0.2,0.8,30000,3000,1,0.355999999999995
8,0.1,20,0.2,0.9,10000,100,2,15.3
8,0.1,20,0.2,0.9,10000,500,1,0.302000000000021
8,0.1,20,0.2,0.9,10000,3000,1,0.329000000000008
8,0.1,20,0.2,0.9,30000,100,2,15.169
8,0.1,20,0.2,0.9,30000,500,2,15.487
8,0.1,20,0.2,0.9,30000,3000,1,0.355999999999995
8,0.5,1,0.05,0.8,10000,100,9,0.396
8,0.5,1,0.05,0.8,10000,500,8,0.395
8,0.5,1,0.05,0.8,10000,3000,5,0.304
8,0.5,1,0.05,0.8,30000,100,10,0.365
8,0.5,1,0.05,0.8,30000,500,9,0.303
8,0.5,1,0.05,0.8,30000,3000,7,0.307
8,0.5,1,0.05,0.9,10000,100,11,0.398
8,0.5,1,0.05,0.9,10000,500,9,0.303
8,0.5,1,0.05,0.9,10000,3000,6,0.309
8,0.5,1,0.05,0.9,30000,100,12,0.384
8,0.5,1,0.05,0.9,30000,500,10,0.346
8,0.5,1,0.05,0.9,30000,3000,8,0.283
8,0.5,1,0.1,0.8,10000,100,8,0.258
8,0.5,1,0.1,0.8,10000,500,7,0.247
8,0.5,1,0.1,0.8,10000,3000,5,0.224
8,0.5,1,0.1,0.8,30000,100,10,0.39
8,0.5,1,0.1,0.8,30000,500,8,0.281000000000001
8,0.5,1,0.1,0.8,30000,3000,6,0.279999999999999
8,0.5,1,0.1,0.9,10000,100,10,0.377000000000001
8,0.5,1,0.1,0.9,10000,500,8,0.299
8,0.5,1,0.1,0.9,10000,3000,6,0.294
8,0.5,1,0.1,0.9,30000,100,11,0.41
8,0.5,1,0.1,0.9,30000,500,9,0.317
8,0.5,1,0.1,0.9,30000,3000,7,0.266
8,0.5,1,0.2,0.8,10000,100,8,0.302999999999999
8,0.5,1,0.2,0.8,10000,500,6,0.299000000000001
8,0.5,1,0.2,0.8,10000,3000,4,0.263999999999999
8,0.5,1,0.2,0.8,30000,100,9,0.299000000000001
8,0.5,1,0.2,0.8,30000,500,7,0.293999999999999
8,0.5,1,0.2,0.8,30000,3000,5,0.261000000000001
8,0.5,1,0.2,0.9,10000,100,9,0.323
8,0.5,1,0.2,0.9,10000,500,7,0.269
8,0.5,1,0.2,0.9,10000,3000,5,0.248000000000001
8,0.5,1,0.2,0.9,30000,100,10,0.381
8,0.5,1,0.2,0.9,30000,500,8,0.315000000000001
8,0.5,1,0.2,0.9,30000,3000,6,0.296999999999999
8,0.5,5,0.05,0.8,10000,100,6,4.195
8,0.5,5,0.05,0.8,10000,500,5,3.594
8,0.5,5,0.05,0.8,10000,3000,4,3.562
8,0.5,5,0.05,0.8,30000,100,7,4.09
8,0.5,5,0.05,0.8,30000,500,6,4.07
8,0.5,5,0.05,0.8,30000,3000,5,3.624
8,0.5,5,0.05,0.9,10000,100,7,4.127
8,0.5,5,0.05,0.9,10000,500,6,4.112
8,0.5,5,0.05,0.9,10000,3000,4,3.584
8,0.5,5,0.05,0.9,30000,100,8,4.274
8,0.5,5,0.05,0.9,30000,500,7,4.089
8,0.5,5,0.05,0.9,30000,3000,5,3.542
8,0.5,5,0.1,0.8,10000,100,6,4.061
8,0.5,5,0.1,0.8,10000,500,5,3.621
8,0.5,5,0.1,0.8,10000,3000,3,3.37600000000001
8,0.5,5,0.1,0.8,30000,100,6,4.121
8,0.5,5,0.1,0.8,30000,500,5,3.598
8,0.5,5,0.1,0.8,30000,3000,4,3.605
8,0.5,5,0.1,0.9,10000,100,7,4.10899999999999
8,0.5,5,0.1,0.9,10000,500,5,3.58199999999999
8,0.5,5,0.1,0.9,10000,3000,4,3.59699999999999
8,0.5,5,0.1,0.9,30000,100,8,4.327
8,0.5,5,0.1,0.9,30000,500,6,4.151
8,0.5,5,0.1,0.9,30000,3000,5,3.60400000000001
8,0.5,5,0.2,0.8,10000,100,5,3.55999999999999
8,0.5,5,0.2,0.8,10000,500,4,3.55300000000001
8,0.5,5,0.2,0.8,10000,3000,3,3.43300000000001
8,0.5,5,0.2,0.8,30000,100,6,4.1
8,0.5,5,0.2,0.8,30000,500,5,3.59999999999999
8,0.5,5,0.2,0.8,30000,3000,4,3.563
8,0.5,5,0.2,0.9,10000,100,6,4.10699999999999
8,0.5,5,0.2,0.9,10000,500,5,3.566
8,0.5,5,0.2,0.9,10000,3000,3,3.43999999999999
8,0.5,5,0.2,0.9,30000,100,7,4.136
8,0.5,5,0.2,0.9,30000,500,6,4.11500000000001
8,0.5,5,0.2,0.9,30000,3000,4,3.58699999999999
8,0.5,10,0.05,0.8,10000,100,6,17.086
8,0.5,10,0.05,0.8,10000,500,5,14.488
8,0.5,10,0.05,0.8,10000,3000,3,14.075
8,0.5,10,0.05,0.8,30000,100,7,16.627
8,0.5,10,0.05,0.8,30000,500,6,16.689
8,0.5,10,0.05,0.8,30000,3000,4,15.03
8,0.5,10,0.05,0.9,10000,100,7,16.712
8,0.5,10,0.05,0.9,10000,500,6,17.115
8,0.5,10,0.05,0.9,10000,3000,4,14.614
8,0.5,10,0.05,0.9,30000,100,8,17.658
8,0.5,10,0.05,0.9,30000,500,6,16.97
8,0.5,10,0.05,0.9,30000,3000,5,14.652
8,0.5,10,0.1,0.8,10000,100,5,14.57
8,0.5,10,0.1,0.8,10000,500,4,14.521
8,0.5,10,0.1,0.8,10000,3000,3,14.102
8,0.5,10,0.1,0.8,30000,100,6,16.586
8,0.5,10,0.1,0.8,30000,500,5,14.822
8,0.5,10,0.1,0.8,30000,3000,4,14.5910000000001
8,0.5,10,0.1,0.9,10000,100,6,16.939
8,0.5,10,0.1,0.9,10000,500,5,14.924
8,0.5,10,0.1,0.9,10000,3000,4,14.76
8,0.5,10,0.1,0.9,30000,100,7,16.771
8,0.5,10,0.1,0.9,30000,500,6,16.863
8,0.5,10,0.1,0.9,30000,3000,5,14.863
8,0.5,10,0.2,0.8,10000,100,5,14.525
8,0.5,10,0.2,0.8,10000,500,4,14.8609999999999
8,0.5,10,0.2,0.8,10000,3000,2,13.79
8,0.5,10,0.2,0.8,30000,100,6,16.842
8,0.5,10,0.2,0.8,30000,500,5,14.6530000000001
8,0.5,10,0.2,0.8,30000,3000,3,14.013
8,0.5,10,0.2,0.9,10000,100,6,16.571
8,0.5,10,0.2,0.9,10000,500,4,14.579
8,0.5,10,0.2,0.9,10000,3000,3,14.169
8,0.5,10,0.2,0.9,30000,100,6,16.756
8,0.5,10,0.2,0.9,30000,500,5,14.857
8,0.5,10,0.2,0.9,30000,3000,4,14.739
8,0.5,20,0.05,0.8,10000,100,6,76.813
8,0.5,20,0.05,0.8,10000,500,5,66.228
8,0.5,20,0.05,0.8,10000,3000,3,64.013
8,0.5,20,0.05,0.8,30000,100,6,74.927
8,0.5,20,0.05,0.8,30000,500,5,66.48
8,0.5,20,0.05,0.8,30000,3000,4,67.166
8,0.5,20,0.05,0.9,10000,100,7,75.649
8,0.5,20,0.05,0.9,10000,500,5,66.6990000000001
8,0.5,20,0.05,0.9,10000,3000,4,66.435
8,0.5,20,0.05,0.9,30000,100,7,77.229
8,0.5,20,0.05,0.9,30000,500,6,75.3150000000001
8,0.5,20,0.05,0.9,30000,3000,5,67.9319999999999
8,0.5,20,0.1,0.8,10000,100,5,66.768
8,0.5,20,0.1,0.8,10000,500,4,68.896
8,0.5,20,0.1,0.8,10000,3000,3,73.6940000000001
8,0.5,20,0.1,0.8,30000,100,6,83.8019999999999
8,0.5,20,0.1,0.8,30000,500,5,77.313
8,0.5,20,0.1,0.8,30000,3000,4,78.4720000000001
8,0.5,20,0.1,0.9,10000,100,6,91.7270000000001
8,0.5,20,0.1,0.9,10000,500,5,75.14
8,0.5,20,0.1,0.9,10000,3000,3,63.9559999999999
8,0.5,20,0.1,0.9,30000,100,7,72.783
8,0.5,20,0.1,0.9,30000,500,6,71.468
8,0.5,20,0.1,0.9,30000,3000,4,62.4180000000001
8,0.5,20,0.2,0.8,10000,100,5,62.365
8,0.5,20,0.2,0.8,10000,500,4,63.3829999999999
8,0.5,20,0.2,0.8,10000,3000,2,60.049
8,0.5,20,0.2,0.8,30000,100,5,62.397
8,0.5,20,0.2,0.8,30000,500,4,62.3309999999999
8,0.5,20,0.2,0.8,30000,3000,3,60.4709999999998
8,0.5,20,0.2,0.9,10000,100,5,61.6500000000001
8,0.5,20,0.2,0.9,10000,500,4,63.2229999999999
8,0.5,20,0.2,0.9,10000,3000,3,60.814
8,0.5,20,0.2,0.9,30000,100,6,72.1030000000002
8,0.5,20,0.2,0.9,30000,500,5,62.6660000000004
8,0.5,20,0.2,0.9,30000,3000,4,62.1969999999997
8,1,1,0.05,0.8,10000,100,14,0.686999999999898
8,1,1,0.05,0.8,10000,500,12,0.559000000000196
8,1,1,0.05,0.8,10000,3000,8,0.431999999999789
8,1,1,0.05,0.8,30000,100,16,0.63799999999992
8,1,1,0.05,0.8,30000,500,13,0.572000000000116
8,1,1,0.05,0.8,30000,3000,10,0.543999999999869
8,1,1,0.05,0.9,10000,100,17,0.709000000000287
8,1,1,0.05,0.9,10000,500,14,0.646999999999935
8,1,1,0.05,0.9,10000,3000,10,0.565999999999804
8,1,1,0.05,0.9,30000,100,19,1.28800000000001
8,1,1,0.05,0.9,30000,500,16,0.679999999999836
8,1,1,0.05,0.9,30000,3000,12,0.588999999999942
8,1,1,0.1,0.8,10000,100,13,0.58600000000024
8,1,1,0.1,0.8,10000,500,10,0.580999999999676
8,1,1,0.1,0.8,10000,3000,7,0.424000000000433
8,1,1,0.1,0.8,30000,100,15,0.655999999999949
8,1,1,0.1,0.8,30000,500,12,0.722000000000207
8,1,1,0.1,0.8,30000,3000,9,0.402999999999793
8,1,1,0.1,0.9,10000,100,15,0.55600000000004
8,1,1,0.1,0.9,10000,500,12,0.510999999999967
8,1,1,0.1,0.9,10000,3000,8,0.387000000000171
8,1,1,0.1,0.9,30000,100,17,0.579000000000178
8,1,1,0.1,0.9,30000,500,14,0.565999999999804
8,1,1,0.1,0.9,30000,3000,11,0.498999999999796
8,1,1,0.2,0.8,10000,100,12,0.521000000000186
8,1,1,0.2,0.8,10000,500,9,0.416999999999916
8,1,1,0.2,0.8,10000,3000,6,0.38799999999992
8,1,1,0.2,0.8,30000,100,14,0.590000000000146
8,1,1,0.2,0.8,30000,500,11,0.518999999999778
8,1,1,0.2,0.8,30000,3000,8,0.408999999999651
8,1,1,0.2,0.9,10000,100,14,0.594000000000051
8,1,1,0.2,0.9,10000,500,11,0.519000000000233
8,1,1,0.2,0.9,10000,3000,7,0.391999999999825
8,1,1,0.2,0.9,30000,100,16,0.61200000000008
8,1,1,0.2,0.9,30000,500,13,0.565000000000306
8,1,1,0.2,0.9,30000,3000,9,0.385999999999967
8,1,5,0.05,0.8,10000,100,11,9.97499999999991
8,1,5,0.05,0.8,10000,500,9,7.85699999999997
8,1,5,0.05,0.8,10000,3000,6,7.4369999999999
8,1,5,0.05,0.8,30000,100,13,11.3200000000002
8,1,5,0.05,0.8,30000,500,11,10.6399999999999
8,1,5,0.05,0.8,30000,3000,8,7.8449999999998
8,1,5,0.05,0.9,10000,100,13,10.5810000000001
8,1,5,0.05,0.9,10000,500,11,10.0430000000001
8,1,5,0.05,0.9,10000,3000,8,7.66100000000006
8,1,5,0.05,0.9,30000,100,15,11.5630000000001
8,1,5,0.05,0.9,30000,500,12,10.319
8,1,5,0.05,0.9,30000,3000,10,9.92900000000009
8,1,5,0.1,0.8,10000,100,10,9.90499999999975
8,1,5,0.1,0.8,10000,500,8,7.62100000000009
8,1,5,0.1,0.8,10000,3000,5,6.42499999999973
8,1,5,0.1,0.8,30000,100,12,10.3790000000004
8,1,5,0.1,0.8,30000,500,10,10.0569999999998
8,1,5,0.1,0.8,30000,3000,7,7.29500000000007
8,1,5,0.1,0.9,10000,100,12,10.3939999999998
8,1,5,0.1,0.9,10000,500,10,9.9350000000004
8,1,5,0.1,0.9,10000,3000,7,7.32299999999987
8,1,5,0.1,0.9,30000,100,14,11.348
8,1,5,0.1,0.9,30000,500,11,10
8,1,5,0.1,0.9,30000,3000,9,7.74699999999984
8,1,5,0.2,0.8,10000,100,9,7.68499999999995
8,1,5,0.2,0.8,10000,500,7,7.43299999999999
8,1,5,0.2,0.8,10000,3000,4,6.45600000000013
8,1,5,0.2,0.8,30000,100,11,10.4200000000001
8,1,5,0.2,0.8,30000,500,9,8.42799999999988
8,1,5,0.2,0.8,30000,3000,6,7.88400000000001
8,1,5,0.2,0.9,10000,100,11,10.73
8,1,5,0.2,0.9,10000,500,8,8.29999999999973
8,1,5,0.2,0.9,10000,3000,5,6.87100000000009
8,1,5,0.2,0.9,30000,100,12,11.069
8,1,5,0.2,0.9,30000,500,10,10.7729999999999
8,1,5,0.2,0.9,30000,3000,7,7.98100000000022
8,1,10,0.05,0.8,10000,100,11,45.786
8,1,10,0.05,0.8,10000,500,9,43.006
8,1,10,0.05,0.8,10000,3000,6,42.073
8,1,10,0.05,0.8,30000,100,12,55.67
8,1,10,0.05,0.8,30000,500,10,46.781
8,1,10,0.05,0.8,30000,3000,8,49.841
8,1,10,0.05,0.9,10000,100,13,61.554
8,1,10,0.05,0.9,10000,500,10,45.661
8,1,10,0.05,0.9,10000,3000,7,40.756
8,1,10,0.05,0.9,30000,100,14,63.322
8,1,10,0.05,0.9,30000,500,12,65.39
8,1,10,0.05,0.9,30000,3000,9,50.085
8,1,10,0.1,0.8,10000,100,10,48.8569999999999
8,1,10,0.1,0.8,10000,500,8,51.5090000000001
8,1,10,0.1,0.8,10000,3000,5,41.69
8,1,10,0.1,0.8,30000,100,11,50.409
8,1,10,0.1,0.8,30000,500,9,49.1829999999999
8,1,10,0.1,0.8,30000,3000,7,45.3080000000001
8,1,10,0.1,0.9,10000,100,12,65.4619999999999
8,1,10,0.1,0.9,10000,500,9,48.443
8,1,10,0.1,0.9,10000,3000,6,39.426
8,1,10,0.1,0.9,30000,100,13,56.8280000000001
8,1,10,0.1,0.9,30000,500,11,43.8009999999999
8,1,10,0.1,0.9,30000,3000,8,43.3360000000001
8,1,10,0.2,0.8,10000,100,9,48.162
8,1,10,0.2,0.8,10000,500,7,43.4369999999999
8,1,10,0.2,0.8,10000,3000,4,41.4140000000001
8,1,10,0.2,0.8,30000,100,10,51.211
8,1,10,0.2,0.8,30000,500,8,46.56
8,1,10,0.2,0.8,30000,3000,6,37.438
8,1,10,0.2,0.9,10000,100,10,43.517
8,1,10,0.2,0.9,10000,500,8,40.8900000000002
8,1,10,0.2,0.9,10000,3000,5,38.8169999999998
8,1,10,0.2,0.9,30000,100,12,58.717
8,1,10,0.2,0.9,30000,500,10,47.6239999999998
8,1,10,0.2,0.9,30000,3000,7,38.6909999999998
8,1,20,0.05,0.8,10000,100,11,213.773
8,1,20,0.05,0.8,10000,500,9,194.178
8,1,20,0.05,0.8,10000,3000,6,176.317
8,1,20,0.05,0.8,30000,100,12,278.106
8,1,20,0.05,0.8,30000,500,10,201.48
8,1,20,0.05,0.8,30000,3000,8,197.613
8,1,20,0.05,0.9,10000,100,12,254.245
8,1,20,0.05,0.9,10000,500,10,225.23
8,1,20,0.05,0.9,10000,3000,7,184.615
8,1,20,0.05,0.9,30000,100,14,310.176
8,1,20,0.05,0.9,30000,500,12,288.066
8,1,20,0.05,0.9,30000,3000,9,202.576000000001
8,1,20,0.1,0.8,10000,100,10,216.856
8,1,20,0.1,0.8,10000,500,8,219.033
8,1,20,0.1,0.8,10000,3000,5,186.815
8,1,20,0.1,0.8,30000,100,11,230.328
8,1,20,0.1,0.8,30000,500,9,198.337
8,1,20,0.1,0.8,30000,3000,7,200.622
8,1,20,0.1,0.9,10000,100,11,228.705
8,1,20,0.1,0.9,10000,500,9,210.372
8,1,20,0.1,0.9,10000,3000,6,180.445
8,1,20,0.1,0.9,30000,100,13,276.034
8,1,20,0.1,0.9,30000,500,11,204.102
8,1,20,0.1,0.9,30000,3000,8,208.139
8,1,20,0.2,0.8,10000,100,9,203.19
8,1,20,0.2,0.8,10000,500,7,182.215
8,1,20,0.2,0.8,10000,3000,4,175.897
8,1,20,0.2,0.8,30000,100,10,208.396
8,1,20,0.2,0.8,30000,500,8,196.628000000001
8,1,20,0.2,0.8,30000,3000,6,189.167999999999
8,1,20,0.2,0.9,10000,100,10,215.764000000001
8,1,20,0.2,0.9,10000,500,8,215.139
8,1,20,0.2,0.9,10000,3000,5,193.734999999999
8,1,20,0.2,0.9,30000,100,12,332.386000000001
8,1,20,0.2,0.9,30000,500,10,295.394999999999
8,1,20,0.2,0.9,30000,3000,7,227.417
8,2,1,0.05,0.8,10000,100,24,3.14599999999882
8,2,1,0.05,0.8,10000,500,20,3.54600000000028
8,2,1,0.05,0.8,10000,3000,14,1.51599999999942
8,2,1,0.05,0.8,30000,100,27,2.92799999999988
8,2,1,0.05,0.8,30000,500,23,2.59300000000076
8,2,1,0.05,0.8,30000,3000,17,1.6309999999994
8,2,1,0.05,0.9,10000,100,28,3.00799999999981
8,2,1,0.05,0.9,10000,500,23,2.97400000000016
8,2,1,0.05,0.9,10000,3000,17,1.3809999999994
8,2,1,0.05,0.9,30000,100,32,3.10300000000097
8,2,1,0.05,0.9,30000,500,27,3.1190000000006
8,2,1,0.05,0.9,30000,3000,21,2.76000000000022
8,2,1,0.1,0.8,10000,100,22,2.84200000000055
8,2,1,0.1,0.8,10000,500,17,1.34499999999935
8,2,1,0.1,0.8,10000,3000,11,0.947000000000116
8,2,1,0.1,0.8,30000,100,25,2.77200000000084
8,2,1,0.1,0.8,30000,500,21,2.67900000000009
8,2,1,0.1,0.8,30000,3000,15,1.32600000000093
8,2,1,0.1,0.9,10000,100,26,2.80099999999948
8,2,1,0.1,0.9,10000,500,21,2.47800000000097
8,2,1,0.1,0.9,10000,3000,14,1.13699999999881
8,2,1,0.1,0.9,30000,100,29,2.98199999999997
8,2,1,0.1,0.9,30000,500,24,2.4940000000006
8,2,1,0.1,0.9,30000,3000,18,1.39699999999903
8,2,1,0.2,0.8,10000,100,20,2.7390000000014
8,2,1,0.2,0.8,10000,500,15,1.18399999999929
8,2,1,0.2,0.8,10000,3000,9,0.912000000000262
8,2,1,0.2,0.8,30000,100,23,2.40399999999863
8,2,1,0.2,0.8,30000,500,18,1.31700000000092
8,2,1,0.2,0.8,30000,3000,13,1.24200000000019
8,2,1,0.2,0.9,10000,100,24,2.83699999999953
8,2,1,0.2,0.9,10000,500,18,1.3179999999993
8,2,1,0.2,0.9,10000,3000,11,1.0010000000002
8,2,1,0.2,0.9,30000,100,27,3.28100000000086
8,2,1,0.2,0.9,30000,500,22,2.84000000000015
8,2,1,0.2,0.9,30000,3000,16,1.34499999999935
8,2,5,0.05,0.8,10000,100,21,61.711
8,2,5,0.05,0.8,10000,500,17,29.751
8,2,5,0.05,0.8,10000,3000,12,25.789
8,2,5,0.05,0.8,30000,100,24,62.744
8,2,5,0.05,0.8,30000,500,20,61.003
8,2,5,0.05,0.8,30000,3000,15,29.193
8,2,5,0.05,0.9,10000,100,25,66.545
8,2,5,0.05,0.9,10000,500,20,63.393
8,2,5,0.05,0.9,10000,3000,14,28.899
8,2,5,0.05,0.9,30000,100,28,73.691
8,2,5,0.05,0.9,30000,500,23,63.5549999999999
8,2,5,0.05,0.9,30000,3000,18,31.8200000000001
8,2,5,0.1,0.8,10000,100,19,32.1199999999999
8,2,5,0.1,0.8,10000,500,15,28.073
8,2,5,0.1,0.8,10000,3000,10,20.6229999999999
8,2,5,0.1,0.8,30000,100,22,59.452
8,2,5,0.1,0.8,30000,500,18,30.6579999999999
8,2,5,0.1,0.8,30000,3000,13,25.976
8,2,5,0.1,0.9,10000,100,23,57.145
8,2,5,0.1,0.9,10000,500,18,30.396
8,2,5,0.1,0.9,10000,3000,12,26.106
8,2,5,0.1,0.9,30000,100,26,63.651
8,2,5,0.1,0.9,30000,500,21,56.4910000000001
8,2,5,0.1,0.9,30000,3000,16,29.9629999999999
8,2,5,0.2,0.8,10000,100,17,30.1350000000001
8,2,5,0.2,0.8,10000,500,13,26.9539999999999
8,2,5,0.2,0.8,10000,3000,8,20.6200000000001
8,2,5,0.2,0.8,30000,100,20,57.0560000000001
8,2,5,0.2,0.8,30000,500,16,29.1439999999998
8,2,5,0.2,0.8,30000,3000,11,20.266
8,2,5,0.2,0.9,10000,100,20,58.5670000000001
8,2,5,0.2,0.9,10000,500,16,29.789
8,2,5,0.2,0.9,10000,3000,10,20.8390000000001
8,2,5,0.2,0.9,30000,100,23,56.7040000000001
8,2,5,0.2,0.9,30000,500,19,29.7750000000001
8,2,5,0.2,0.9,30000,3000,14,26.9779999999998
8,2,10,0.05,0.8,10000,100,21,273.465
8,2,10,0.05,0.8,10000,500,17,136.702
8,2,10,0.05,0.8,10000,3000,11,94.846
8,2,10,0.05,0.8,30000,100,23,279.168
8,2,10,0.05,0.8,30000,500,19,139.052
8,2,10,0.05,0.8,30000,3000,15,132.254
8,2,10,0.05,0.9,10000,100,24,295.485
8,2,10,0.05,0.9,10000,500,20,268.428
8,2,10,0.05,0.9,10000,3000,14,116.877
8,2,10,0.05,0.9,30000,100,27,303.891
8,2,10,0.05,0.9,30000,500,23,277.506
8,2,10,0.05,0.9,30000,3000,18,130.306
8,2,10,0.1,0.8,10000,100,19,134.077
8,2,10,0.1,0.8,10000,500,15,120.848
8,2,10,0.1,0.8,10000,3000,10,95.0070000000001
8,2,10,0.1,0.8,30000,100,22,281.435000000001
8,2,10,0.1,0.8,30000,500,18,137.512
8,2,10,0.1,0.8,30000,3000,13,116.385
8,2,10,0.1,0.9,10000,100,22,283.177999999999
8,2,10,0.1,0.9,10000,500,18,129.602
8,2,10,0.1,0.9,10000,3000,12,115.629
8,2,10,0.1,0.9,30000,100,25,284.470000000001
8,2,10,0.1,0.9,30000,500,21,264.005
8,2,10,0.1,0.9,30000,3000,16,129.777999999999
8,2,10,0.2,0.8,10000,100,17,130.945000000001
8,2,10,0.2,0.8,10000,500,13,119.105
8,2,10,0.2,0.8,10000,3000,8,87.6099999999998
8,2,10,0.2,0.8,30000,100,20,256.926
8,2,10,0.2,0.8,30000,500,16,125.250000000001
8,2,10,0.2,0.8,30000,3000,11,93.4929999999995
8,2,10,0.2,0.9,10000,100,20,263.36
8,2,10,0.2,0.9,10000,500,16,122.681
8,2,10,0.2,0.9,10000,3000,10,90.4930000000004
8,2,10,0.2,0.9,30000,100,23,269.381
8,2,10,0.2,0.9,30000,500,19,132.645000000001
8,2,10,0.2,0.9,30000,3000,13,112.343
8,2,20,0.05,0.8,10000,100,20,1469.657
8,2,20,0.05,0.8,10000,500,16,748.328
8,2,20,0.05,0.8,10000,3000,11,495.912000000001
8,2,20,0.05,0.8,30000,100,23,1722.907
8,2,20,0.05,0.8,30000,500,19,568.516
8,2,20,0.05,0.8,30000,3000,15,526.511999999999
8,2,20,0.05,0.9,10000,100,24,1460.917
8,2,20,0.05,0.9,10000,500,20,1226.223
8,2,20,0.05,0.9,10000,3000,14,541.463000000001
8,2,20,0.05,0.9,30000,100,27,1482.567
8,2,20,0.05,0.9,30000,500,23,1181.437
8,2,20,0.05,0.9,30000,3000,18,537.478999999998
8,2,20,0.1,0.8,10000,100,19,608.266000000002
8,2,20,0.1,0.8,10000,500,15,551.592999999997
8,2,20,0.1,0.8,10000,3000,9,376.887000000002
8,2,20,0.1,0.8,30000,100,21,1239.653
8,2,20,0.1,0.8,30000,500,17,540.327999999999
8,2,20,0.1,0.8,30000,3000,13,555.021000000001
8,2,20,0.1,0.9,10000,100,22,1297.106
8,2,20,0.1,0.9,10000,500,18,608.375999999999
8,2,20,0.1,0.9,10000,3000,12,534.907999999999
8,2,20,0.1,0.9,30000,100,25,1295.411
8,2,20,0.1,0.9,30000,500,21,1273.004
8,2,20,0.1,0.9,30000,3000,16,590.848999999999
8,2,20,0.2,0.8,10000,100,17,655.213999999999
8,2,20,0.2,0.8,10000,500,13,517.189
8,2,20,0.2,0.8,10000,3000,8,395.787999999999
8,2,20,0.2,0.8,30000,100,19,645.329000000002
8,2,20,0.2,0.8,30000,500,15,551.775999999998
8,2,20,0.2,0.8,30000,3000,11,432.580000000001
8,2,20,0.2,0.9,10000,100,20,1216.381
8,2,20,0.2,0.9,10000,500,15,528.084999999996
8,2,20,0.2,0.9,10000,3000,10,398.767000000003
8,2,20,0.2,0.9,30000,100,23,1249.465
8,2,20,0.2,0.9,30000,500,18,626.378000000002
8,2,20,0.2,0.9,30000,3000,13,519.804000000001
1.5,0.1,1,0.05,0.8,10000,100,218,3.316
1.5,0.1,1,0.05,0.8,10000,500,175,2.108
1.5,0.1,1,0.05,0.8,10000,3000,119,1.262
1.5,0.1,1,0.05,0.8,30000,100,246,4.118
1.5,0.1,1,0.05,0.8,30000,500,204,2.998
1.5,0.1,1,0.05,0.8,30000,3000,155,1.86
1.5,0.1,1,0.05,0.9,10000,100,260,4.488
1.5,0.1,1,0.05,0.9,10000,500,212,3.298
1.5,0.1,1,0.05,0.9,10000,3000,150,1.827
1.5,0.1,1,0.05,0.9,30000,100,291,4.826
1.5,0.1,1,0.05,0.9,30000,500,245,3.968
1.5,0.1,1,0.05,0.9,30000,3000,190,2.416
1.5,0.1,1,0.1,0.8,10000,100,198,2.703
1.5,0.1,1,0.1,0.8,10000,500,155,1.878
1.5,0.1,1,0.1,0.8,10000,3000,100,1.004
1.5,0.1,1,0.1,0.8,30000,100,227,3.141
1.5,0.1,1,0.1,0.8,30000,500,185,2.407
1.5,0.1,1,0.1,0.8,30000,3000,135,1.469
1.5,0.1,1,0.1,0.9,10000,100,238,3.634
1.5,0.1,1,0.1,0.9,10000,500,190,2.484
1.5,0.1,1,0.1,0.9,10000,3000,127,1.24
1.5,0.1,1,0.1,0.9,30000,100,270,4.509
1.5,0.1,1,0.1,0.9,30000,500,223,3.25899999999999
1.5,0.1,1,0.1,0.9,30000,3000,168,2.08900000000001
1.5,0.1,1,0.2,0.8,10000,100,177,2.145
1.5,0.1,1,0.2,0.8,10000,500,134,1.547
1.5,0.1,1,0.2,0.8,10000,3000,78,0.63300000000001
1.5,0.1,1,0.2,0.8,30000,100,206,2.815
1.5,0.1,1,0.2,0.8,30000,500,163,1.831
1.5,0.1,1,0.2,0.8,30000,3000,114,1.047
1.5,0.1,1,0.2,0.9,10000,100,215,3.09500000000001
1.5,0.1,1,0.2,0.9,10000,500,166,2.05099999999999
1.5,0.1,1,0.2,0.9,10000,3000,102,1.05
1.5,0.1,1,0.2,0.9,30000,100,247,3.944
1.5,0.1,1,0.2,0.9,30000,500,199,2.92100000000001
1.5,0.1,1,0.2,0.9,30000,3000,144,1.56199999999999
1.5,0.1,5,0.05,0.8,10000,100,63,4.486
1.5,0.1,5,0.05,0.8,10000,500,50,3.05400000000001
1.5,0.1,5,0.05,0.8,10000,3000,34,1.7
1.5,0.1,5,0.05,0.8,30000,100,71,5.69100000000001
1.5,0.1,5,0.05,0.8,30000,500,59,4.39099999999999
1.5,0.1,5,0.05,0.8,30000,3000,45,2.909
1.5,0.1,5,0.05,0.9,10000,100,75,5.90100000000001
1.5,0.1,5,0.05,0.9,10000,500,61,4.508
1.5,0.1,5,0.05,0.9,10000,3000,43,2.78199999999999
1.5,0.1,5,0.05,0.9,30000,100,84,7.08
1.5,0.1,5,0.05,0.9,30000,500,71,5.293
1.5,0.1,5,0.05,0.9,30000,3000,55,4.132
1.5,0.1,5,0.1,0.8,10000,100,57,4.12299999999998
1.5,0.1,5,0.1,0.8,10000,500,45,2.703
1.5,0.1,5,0.1,0.8,10000,3000,29,1.41500000000002
1.5,0.1,5,0.1,0.8,30000,100,65,4.021
1.5,0.1,5,0.1,0.8,30000,500,53,3.652
1.5,0.1,5,0.1,0.8,30000,3000,39,2.553
1.5,0.1,5,0.1,0.9,10000,100,69,5.93900000000001
1.5,0.1,5,0.1,0.9,10000,500,55,4.03200000000001
1.5,0.1,5,0.1,0.9,10000,3000,37,2.46600000000001
1.5,0.1,5,0.1,0.9,30000,100,78,6.24799999999999
1.5,0.1,5,0.1,0.9,30000,500,64,4.031
1.5,0.1,5,0.1,0.9,30000,3000,48,2.619
1.5,0.1,5,0.2,0.8,10000,100,51,2.48699999999999
1.5,0.1,5,0.2,0.8,10000,500,39,2.245
1.5,0.1,5,0.2,0.8,10000,3000,22,1.173
1.5,0.1,5,0.2,0.8,30000,100,59,3.65500000000002
1.5,0.1,5,0.2,0.8,30000,500,47,2.574
1.5,0.1,5,0.2,0.8,30000,3000,33,1.458
1.5,0.1,5,0.2,0.9,10000,100,62,3.73399999999999
1.5,0.1,5,0.2,0.9,10000,500,48,2.62099999999999
1.5,0.1,5,0.2,0.9,10000,3000,29,1.84700000000001
1.5,0.1,5,0.2,0.9,30000,100,71,5.68699999999998
1.5,0.1,5,0.2,0.9,30000,500,58,3.818
1.5,0.1,5,0.2,0.9,30000,3000,41,2.33100000000001
1.5,0.1,10,0.05,0.8,10000,100,43,8.18699999999998
1.5,0.1,10,0.05,0.8,10000,500,35,4.87400000000002
1.5,0.1,10,0.05,0.8,10000,3000,24,4.29699999999999
1.5,0.1,10,0.05,0.8,30000,100,49,8.46199999999998
1.5,0.1,10,0.05,0.8,30000,500,41,7.47600000000001
1.5,0.1,10,0.05,0.8,30000,3000,31,4.74100000000002
1.5,0.1,10,0.05,0.9,10000,100,52,12.011
1.5,0.1,10,0.05,0.9,10000,500,42,7.48700000000003
1.5,0.1,10,0.05,0.9,10000,3000,30,4.48700000000002
1.5,0.1,10,0.05,0.9,30000,100,58,12.507
1.5,0.1,10,0.05,0.9,30000,500,49,8.18000000000002
1.5,0.1,10,0.05,0.9,30000,3000,38,7.22600000000003
1.5,0.1,10,0.1,0.8,10000,100,39,6.95599999999999
1.5,0.1,10,0.1,0.8,10000,500,31,4.20699999999999
1.5,0.1,10,0.1,0.8,10000,3000,20,3.82900000000001
1.5,0.1,10,0.1,0.8,30000,100,45,8.47999999999997
1.5,0.1,10,0.1,0.8,30000,500,37,7.68400000000003
1.5,0.1,10,0.1,0.8,30000,3000,27,4.27000000000001
1.5,0.1,10,0.1,0.9,10000,100,47,8.84
1.5,0.1,10,0.1,0.9,10000,500,38,7.53699999999996
1.5,0.1,10,0.1,0.9,10000,3000,25,4.27100000000002
1.5,0.1,10,0.1,0.9,30000,100,54,12.871
1.5,0.1,10,0.1,0.9,30000,500,44,9.02600000000002
1.5,0.1,10,0.1,0.9,30000,3000,33,4.78899999999999
1.5,0.1,10,0.2,0.8,10000,100,35,5.34600000000002
1.5,0.1,10,0.2,0.8,10000,500,27,4.19499999999999
1.5,0.1,10,0.2,0.8,10000,3000,16,2.06600000000003
1.5,0.1,10,0.2,0.8,30000,100,41,7.95999999999998
1.5,0.1,10,0.2,0.8,30000,500,33,4.87399999999997
1.5,0.1,10,0.2,0.8,30000,3000,23,3.97899999999998
1.5,0.1,10,0.2,0.9,10000,100,43,7.93299999999999
1.5,0.1,10,0.2,0.9,10000,500,33,4.919
1.5,0.1,10,0.2,0.9,10000,3000,20,3.93700000000001
1.5,0.1,10,0.2,0.9,30000,100,49,9.20399999999998
1.5,0.1,10,0.2,0.9,30000,500,40,7.47799999999999
1.5,0.1,10,0.2,0.9,30000,3000,29,4.86299999999996
1.5,0.1,20,0.05,0.8,10000,100,34,18.957
1.5,0.1,20,0.05,0.8,10000,500,27,15.059
1.5,0.1,20,0.05,0.8,10000,3000,18,6.468
1.5,0.1,20,0.05,0.8,30000,100,38,27.898
1.5,0.1,20,0.05,0.8,30000,500,32,17.784
1.5,0.1,20,0.05,0.8,30000,3000,24,13.439
1.5,0.1,20,0.05,0.9,10000,100,40,28.394
1.5,0.1,20,0.05,0.9,10000,500,33,16.757
1.5,0.1,20,0.05,0.9,10000,3000,23,12.934
1.5,0.1,20,0.05,0.9,30000,100,45,31.408
1.5,0.1,20,0.05,0.9,30000,500,38,31.137
1.5,0.1,20,0.05,0.9,30000,3000,29,18.17
1.5,0.1,20,0.1,0.8,10000,100,31,17.909
1.5,0.1,20,0.1,0.8,10000,500,24,15.648
1.5,0.1,20,0.1,0.8,10000,3000,15,5.96599999999997
1.5,0.1,20,0.1,0.8,30000,100,35,18.829
1.5,0.1,20,0.1,0.8,30000,500,29,17.486
1.5,0.1,20,0.1,0.8,30000,3000,21,14.358
1.5,0.1,20,0.1,0.9,10000,100,37,28.648
1.5,0.1,20,0.1,0.9,10000,500,29,17.202
1.5,0.1,20,0.1,0.9,10000,3000,20,13.817
1.5,0.1,20,0.1,0.9,30000,100,42,29.992
1.5,0.1,20,0.1,0.9,30000,500,34,18.369
1.5,0.1,20,0.1,0.9,30000,3000,26,14.968
1.5,0.1,20,0.2,0.8,10000,100,27,14.913
1.5,0.1,20,0.2,0.8,10000,500,21,14.309
1.5,0.1,20,0.2,0.8,10000,3000,12,5.709
1.5,0.1,20,0.2,0.8,30000,100,32,18.209
1.5,0.1,20,0.2,0.8,30000,500,25,14.48
1.5,0.1,20,0.2,0.8,30000,3000,18,6.94200000000003
1.5,0.1,20,0.2,0.9,10000,100,33,17.771
1.5,0.1,20,0.2,0.9,10000,500,26,15.1580000000001
1.5,0.1,20,0.2,0.9,10000,3000,16,6.61599999999993
1.5,0.1,20,0.2,0.9,30000,100,38,28.85
1.5,0.1,20,0.2,0.9,30000,500,31,16.266
1.5,0.1,20,0.2,0.9,30000,3000,22,14.608
1.5,0.5,1,0.05,0.8,10000,100,311,9.17999999999995
1.5,0.5,1,0.05,0.8,10000,500,250,5.87400000000002
1.5,0.5,1,0.05,0.8,10000,3000,170,3.04999999999995
1.5,0.5,1,0.05,0.8,30000,100,353,10.012
1.5,0.5,1,0.05,0.8,30000,500,292,7.62200000000007
1.5,0.5,1,0.05,0.8,30000,3000,222,4.37400000000002
1.5,0.5,1,0.05,0.9,10000,100,372,12.1759999999999
1.5,0.5,1,0.05,0.9,10000,500,304,8.24499999999992
1.5,0.5,1,0.05,0.9,10000,3000,214,4.61600000000003
1.5,0.5,1,0.05,0.9,30000,100,417,15.777
1.5,0.5,1,0.05,0.9,30000,500,351,11.143
1.5,0.5,1,0.05,0.9,30000,3000,272,6.88
1.5,0.5,1,0.1,0.8,10000,100,284,7.49299999999998
1.5,0.5,1,0.1,0.8,10000,500,222,5.33100000000003
1.5,0.5,1,0.1,0.8,10000,3000,142,2.32299999999996
1.5,0.5,1,0.1,0.8,30000,100,325,10.208
1.5,0.5,1,0.1,0.8,30000,500,264,6.75499999999998
1.5,0.5,1,0.1,0.8,30000,3000,193,3.98599999999999
1.5,0.5,1,0.1,0.9,10000,100,341,10.655
1.5,0.5,1,0.1,0.9,10000,500,272,6.28300000000004
1.5,0.5,1,0.1,0.9,10000,3000,181,3.37899999999993
1.5,0.5,1,0.1,0.9,30000,100,387,11.694
1.5,0.5,1,0.1,0.9,30000,500,320,8.26600000000006
1.5,0.5,1,0.1,0.9,30000,3000,240,4.77000000000001
1.5,0.5,1,0.2,0.8,10000,100,253,5.35599999999999
1.5,0.5,1,0.2,0.8,10000,500,191,3.39199999999994
1.5,0.5,1,0.2,0.8,10000,3000,110,1.36100000000001
1.5,0.5,1,0.2,0.8,30000,100,295,7.59200000000004
1.5,0.5,1,0.2,0.8,30000,500,234,4.83800000000001
1.5,0.5,1,0.2,0.8,30000,3000,162,2.52200000000005
1.5,0.5,1,0.2,0.9,10000,100,308,8.276
1.5,0.5,1,0.2,0.9,10000,500,237,5.07600000000002
1.5,0.5,1,0.2,0.9,10000,3000,144,2.10899999999992
1.5,0.5,1,0.2,0.9,30000,100,353,10.101
1.5,0.5,1,0.2,0.9,30000,500,286,6.84699999999993
1.5,0.5,1,0.2,0.9,30000,3000,205,4.0170000000001
1.5,0.5,5,0.05,0.8,10000,100,156,42.4519999999999
1.5,0.5,5,0.05,0.8,10000,500,125,28.497
1.5,0.5,5,0.05,0.8,10000,3000,85,16.711
1.5,0.5,5,0.05,0.8,30000,100,177,51.542
1.5,0.5,5,0.05,0.8,30000,500,147,35.5169999999999
1.5,0.5,5,0.05,0.8,30000,3000,111,22.227
1.5,0.5,5,0.05,0.9,10000,100,187,61.075
1.5,0.5,5,0.05,0.9,10000,500,152,42.984
1.5,0.5,5,0.05,0.9,10000,3000,107,24.1720000000001
1.5,0.5,5,0.05,0.9,30000,100,210,77.292
1.5,0.5,5,0.05,0.9,30000,500,176,53.2660000000001
1.5,0.5,5,0.05,0.9,30000,3000,136,39.188
1.5,0.5,5,0.1,0.8,10000,100,142,37.076
1.5,0.5,5,0.1,0.8,10000,500,111,24.961
1.5,0.5,5,0.1,0.8,10000,3000,71,13.3520000000001
1.5,0.5,5,0.1,0.8,30000,100,163,47.0739999999999
1.5,0.5,5,0.1,0.8,30000,500,132,38.583
1.5,0.5,5,0.1,0.8,30000,3000,97,19.6000000000002
1.5,0.5,5,0.1,0.9,10000,100,171,55.7499999999999
1.5,0.5,5,0.1,0.9,10000,500,136,36.9980000000001
1.5,0.5,5,0.1,0.9,10000,3000,91,18.2470000000001
1.5,0.5,5,0.1,0.9,30000,100,194,62.447
1.5,0.5,5,0.1,0.9,30000,500,160,42.9289999999998
1.5,0.5,5,0.1,0.9,30000,3000,120,29.1840000000002
1.5,0.5,5,0.2,0.8,10000,100,127,30.7859999999999
1.5,0.5,5,0.2,0.8,10000,500,95,18.782
1.5,0.5,5,0.2,0.8,10000,3000,55,9.63500000000016
1.5,0.5,5,0.2,0.8,30000,100,148,45.8
1.5,0.5,5,0.2,0.8,30000,500,117,31.185
1.5,0.5,5,0.2,0.8,30000,3000,81,15.6859999999999
1.5,0.5,5,0.2,0.9,10000,100,154,44.0990000000001
1.5,0.5,5,0.2,0.9,10000,500,119,27.824
1.5,0.5,5,0.2,0.9,10000,3000,72,13.6219999999998
1.5,0.5,5,0.2,0.9,30000,100,177,54.2259999999999
1.5,0.5,5,0.2,0.9,30000,500,143,35.4870000000001
1.5,0.5,5,0.2,0.9,30000,3000,103,22.5519999999999
1.5,0.5,10,0.05,0.8,10000,100,137,213.56
1.5,0.5,10,0.05,0.8,10000,500,110,131.35
1.5,0.5,10,0.05,0.8,10000,3000,74,68.102
1.5,0.5,10,0.05,0.8,30000,100,155,262.242
1.5,0.5,10,0.05,0.8,30000,500,128,167.145
1.5,0.5,10,0.05,0.8,30000,3000,97,97.29
1.5,0.5,10,0.05,0.9,10000,100,164,307.05
1.5,0.5,10,0.05,0.9,10000,500,133,204.135
1.5,0.5,10,0.05,0.9,10000,3000,94,98.2049999999999
1.5,0.5,10,0.05,0.9,30000,100,184,377.595
1.5,0.5,10,0.05,0.9,30000,500,154,255.463
1.5,0.5,10,0.05,0.9,30000,3000,119,162.277
1.5,0.5,10,0.1,0.8,10000,100,125,187.197
1.5,0.5,10,0.1,0.8,10000,500,97,109.517
1.5,0.5,10,0.1,0.8,10000,3000,62,52.2110000000003
1.5,0.5,10,0.1,0.8,30000,100,143,216.075
1.5,0.5,10,0.1,0.8,30000,500,116,160.158
1.5,0.5,10,0.1,0.8,30000,3000,85,92.2560000000001
1.5,0.5,10,0.1,0.9,10000,100,150,257.526
1.5,0.5,10,0.1,0.9,10000,500,119,162.571
1.5,0.5,10,0.1,0.9,10000,3000,79,70.018
1.5,0.5,10,0.1,0.9,30000,100,170,336.537
1.5,0.5,10,0.1,0.9,30000,500,140,217.527
1.5,0.5,10,0.1,0.9,30000,3000,105,120.151000000001
1.5,0.5,10,0.2,0.8,10000,100,111,128.805
1.5,0.5,10,0.2,0.8,10000,500,83,71.4580000000003
1.5,0.5,10,0.2,0.8,10000,3000,48,29.9000000000005
1.5,0.5,10,0.2,0.8,30000,100,129,170.64
1.5,0.5,10,0.2,0.8,30000,500,102,124.098
1.5,0.5,10,0.2,0.8,30000,3000,71,65.9430000000002
1.5,0.5,10,0.2,0.9,10000,100,135,207.535
1.5,0.5,10,0.2,0.9,10000,500,104,124.95
1.5,0.5,10,0.2,0.9,10000,3000,63,46.502
1.5,0.5,10,0.2,0.9,30000,100,155,255.013
1.5,0.5,10,0.2,0.9,30000,500,125,168.732999999999
1.5,0.5,10,0.2,0.9,30000,3000,90,95.2630000000003
1.5,0.5,20,0.05,0.8,10000,100,127,948.147
1.5,0.5,20,0.05,0.8,10000,500,102,695.346
1.5,0.5,20,0.05,0.8,10000,3000,69,342.286
1.5,0.5,20,0.05,0.8,30000,100,144,1212.94
1.5,0.5,20,0.05,0.8,30000,500,119,882.826
1.5,0.5,20,0.05,0.8,30000,3000,90,493.096
1.5,0.5,20,0.05,0.9,10000,100,152,1425.679
1.5,0.5,20,0.05,0.9,10000,500,124,910.496
1.5,0.5,20,0.05,0.9,10000,3000,87,477.535999999999
1.5,0.5,20,0.05,0.9,30000,100,171,1726.546
1.5,0.5,20,0.05,0.9,30000,500,143,1111.697
1.5,0.5,20,0.05,0.9,30000,3000,111,674.610000000001
1.5,0.5,20,0.1,0.8,10000,100,116,846.408999999997
1.5,0.5,20,0.1,0.8,10000,500,90,466.347
1.5,0.5,20,0.1,0.8,10000,3000,57,207.166000000002
1.5,0.5,20,0.1,0.8,30000,100,133,1095.991
1.5,0.5,20,0.1,0.8,30000,500,108,663.627999999998
1.5,0.5,20,0.1,0.8,30000,3000,78,346.645
1.5,0.5,20,0.1,0.9,10000,100,139,1135.447
1.5,0.5,20,0.1,0.9,10000,500,111,679.977000000001
1.5,0.5,20,0.1,0.9,10000,3000,73,332.506
1.5,0.5,20,0.1,0.9,30000,100,158,1437.069
1.5,0.5,20,0.1,0.9,30000,500,130,893.941000000002
1.5,0.5,20,0.1,0.9,30000,3000,98,506.046
1.5,0.5,20,0.2,0.8,10000,100,103,653.660999999998
1.5,0.5,20,0.2,0.8,10000,500,77,352.503000000002
1.5,0.5,20,0.2,0.8,10000,3000,44,136.348999999999
1.5,0.5,20,0.2,0.8,30000,100,120,877.226000000001
1.5,0.5,20,0.2,0.8,30000,500,95,493.047999999997
1.5,0.5,20,0.2,0.8,30000,3000,66,235.848000000001
1.5,0.5,20,0.2,0.9,10000,100,125,892.508999999999
1.5,0.5,20,0.2,0.9,10000,500,97,522.648
1.5,0.5,20,0.2,0.9,10000,3000,58,210.233999999999
1.5,0.5,20,0.2,0.9,30000,100,144,1179.242
1.5,0.5,20,0.2,0.9,30000,500,116,858.586
1.5,0.5,20,0.2,0.9,30000,3000,83,368.007999999999
1.5,1,1,0.05,0.8,10000,100,429,22.7860000000001
1.5,1,1,0.05,0.8,10000,500,343,16.094000000001
1.5,1,1,0.05,0.8,10000,3000,234,7.95099999999729
1.5,1,1,0.05,0.8,30000,100,485,31.143
1.5,1,1,0.05,0.8,30000,500,402,20.5250000000015
1.5,1,1,0.05,0.8,30000,3000,304,11.988000000001
1.5,1,1,0.05,0.9,10000,100,512,33.1289999999972
1.5,1,1,0.05,0.9,10000,500,418,22.4350000000013
1.5,1,1,0.05,0.9,10000,3000,294,12.1820000000005
1.5,1,1,0.05,0.9,30000,100,575,43.4820000000006
1.5,1,1,0.05,0.9,30000,500,483,30.2709999999978
1.5,1,1,0.05,0.9,30000,3000,374,19.2940000000013
1.5,1,1,0.1,0.8,10000,100,390,21.2210000000004
1.5,1,1,0.1,0.8,10000,500,304,12.489999999998
1.5,1,1,0.1,0.8,10000,3000,194,5.40000000000146
1.5,1,1,0.1,0.8,30000,100,447,26.5380000000001
1.5,1,1,0.1,0.8,30000,500,363,17.6129999999976
1.5,1,1,0.1,0.8,30000,3000,265,10.0940000000008
1.5,1,1,0.1,0.9,10000,100,470,30.7610000000008
1.5,1,1,0.1,0.9,10000,500,374,19.4269999999997
1.5,1,1,0.1,0.9,10000,3000,248,8.84600000000076
1.5,1,1,0.1,0.9,30000,100,532,39.5109999999982
1.5,1,1,0.1,0.9,30000,500,440,26.3779999999996
1.5,1,1,0.1,0.9,30000,3000,330,14.7190000000008
1.5,1,1,0.2,0.8,10000,100,348,16.4639999999997
1.5,1,1,0.2,0.8,10000,500,262,9.96800000000076
1.5,1,1,0.2,0.8,10000,3000,151,3.85199999999895
1.5,1,1,0.2,0.8,30000,100,405,23.2900000000009
1.5,1,1,0.2,0.8,30000,500,321,13.8529999999985
1.5,1,1,0.2,0.8,30000,3000,222,6.96000000000237
1.5,1,1,0.2,0.9,10000,100,423,25.3919999999996
1.5,1,1,0.2,0.9,10000,500,326,14.9770000000004
1.5,1,1,0.2,0.9,10000,3000,198,6.1290000000002
1.5,1,1,0.2,0.9,30000,100,487,32.4529999999971
1.5,1,1,0.2,0.9,30000,500,393,21.4180000000015
1.5,1,1,0.2,0.9,30000,3000,281,10.8679999999986
2,0.1,10,0.05,0.8,10000,100,14,2.045
2,0.1,10,0.05,0.8,10000,500,12,2.068
2,0.1,10,0.05,0.8,10000,3000,8,1.644
2,0.1,10,0.05,0.8,30000,100,16,2.617
2,0.1,10,0.05,0.8,30000,500,14,2.182
2,0.1,10,0.05,0.8,30000,3000,10,1.62
2,0.1,10,0.05,0.9,10000,100,17,2.385
2,0.1,10,0.05,0.9,10000,500,14,2.347
2,0.1,10,0.05,0.9,10000,3000,10,1.511
2,0.1,10,0.05,0.9,30000,100,19,2.391
2,0.1,10,0.05,0.9,30000,500,16,2.332
2,0.1,10,0.05,0.9,30000,3000,13,1.786
2,0.1,10,0.1,0.8,10000,100,13,2.719
2,0.1,10,0.1,0.8,10000,500,10,1.443
2,0.1,10,0.1,0.8,10000,3000,7,1.31
2,0.1,10,0.1,0.8,30000,100,15,1.84
2,0.1,10,0.1,0.8,30000,500,12,2.454
2,0.1,10,0.1,0.8,30000,3000,9,1.554
2,0.1,10,0.1,0.9,10000,100,16,2.077
2,0.1,10,0.1,0.9,10000,500,13,1.98399999999999
2,0.1,10,0.1,0.9,10000,3000,9,1.937
2,0.1,10,0.1,0.9,30000,100,18,2.465
2,0.1,10,0.1,0.9,30000,500,15,1.98999999999999
2,0.1,10,0.1,0.9,30000,3000,11,2.015
2,0.1,10,0.2,0.8,10000,100,12,1.771
2,0.1,10,0.2,0.8,10000,500,9,1.514
2,0.1,10,0.2,0.8,10000,3000,5,1.252
2,0.1,10,0.2,0.8,30000,100,14,2.239
2,0.1,10,0.2,0.8,30000,500,11,1.439
2,0.1,10,0.2,0.8,30000,3000,8,1.747
2,0.1,10,0.2,0.9,10000,100,14,2.555
2,0.1,10,0.2,0.9,10000,500,11,1.417
2,0.1,10,0.2,0.9,10000,3000,7,1.34999999999999
2,0.1,10,0.2,0.9,30000,100,16,2.82900000000001
2,0.1,10,0.2,0.9,30000,500,13,2.33099999999999
2,0.1,10,0.2,0.9,30000,3000,10,1.48
2,0.1,20,0.05,0.8,10000,100,12,7.963
2,0.1,20,0.05,0.8,10000,500,9,4.822
2,0.1,20,0.05,0.8,10000,3000,6,5.188
2,0.1,20,0.05,0.8,30000,100,13,6.53100000000001
2,0.1,20,0.05,0.8,30000,500,11,5.44000000000001
2,0.1,20,0.05,0.8,30000,3000,8,5.229
2,0.1,20,0.05,0.9,10000,100,14,7.13000000000001
2,0.1,20,0.05,0.9,10000,500,11,5.625
2,0.1,20,0.05,0.9,10000,3000,8,4.983
2,0.1,20,0.05,0.9,30000,100,15,7.42400000000001
2,0.1,20,0.05,0.9,30000,500,13,6.98599999999999
2,0.1,20,0.05,0.9,30000,3000,10,6.15899999999999
2,0.1,20,0.1,0.8,10000,100,11,6
2,0.1,20,0.1,0.8,10000,500,8,5.51500000000001
2,0.1,20,0.1,0.8,10000,3000,5,4.04399999999998
2,0.1,20,0.1,0.8,30000,100,12,7.351
2,0.1,20,0.1,0.8,30000,500,10,5.29400000000001
2,0.1,20,0.1,0.8,30000,3000,7,4.45499999999998
2,0.1,20,0.1,0.9,10000,100,13,6.85
2,0.1,20,0.1,0.9,10000,500,10,5.47
2,0.1,20,0.1,0.9,10000,3000,7,4.031
2,0.1,20,0.1,0.9,30000,100,14,6.361
2,0.1,20,0.1,0.9,30000,500,12,6.24299999999999
2,0.1,20,0.1,0.9,30000,3000,9,4.702
2,0.1,20,0.2,0.8,10000,100,9,4.60599999999999
2,0.1,20,0.2,0.8,10000,500,7,4.209
2,0.1,20,0.2,0.8,10000,3000,4,4.15200000000001
2,0.1,20,0.2,0.8,30000,100,11,4.637
2,0.1,20,0.2,0.8,30000,500,9,4.60899999999998
2,0.1,20,0.2,0.8,30000,3000,6,4.11799999999999
2,0.1,20,0.2,0.9,10000,100,11,4.90300000000002
2,0.1,20,0.2,0.9,10000,500,9,4.63899999999998
2,0.1,20,0.2,0.9,10000,3000,6,4.18000000000001
2,0.1,20,0.2,0.9,30000,100,13,6.45300000000002
2,0.1,20,0.2,0.9,30000,500,11,4.78
2,0.1,20,0.2,0.9,30000,3000,8,4.936
2,0.5,1,0.05,0.8,10000,100,99,1.64100000000002
2,0.5,1,0.05,0.8,10000,500,80,0.966999999999985
2,0.5,1,0.05,0.8,10000,3000,55,0.718000000000018
2,0.5,1,0.05,0.8,30000,100,112,1.56999999999999
2,0.5,1,0.05,0.8,30000,500,93,1.23499999999996
2,0.5,1,0.05,0.8,30000,3000,71,0.904000000000053
2,0.5,1,0.05,0.9,10000,100,118,1.916
2,0.5,1,0.05,0.9,10000,500,97,1.30200000000002
2,0.5,1,0.05,0.9,10000,3000,69,0.953999999999951
2,0.5,1,0.05,0.9,30000,100,133,2.62800000000004
2,0.5,1,0.05,0.9,30000,500,112,1.52600000000001
2,0.5,1,0.05,0.9,30000,3000,87,1.19699999999995
2,0.5,1,0.1,0.8,10000,100,91,1.20300000000003
2,0.5,1,0.1,0.8,10000,500,71,0.925999999999988
2,0.5,1,0.1,0.8,10000,3000,46,0.421999999999969
2,0.5,1,0.1,0.8,30000,100,104,1.55000000000001
2,0.5,1,0.1,0.8,30000,500,85,1.30000000000001
2,0.5,1,0.1,0.8,30000,3000,62,0.716999999999985
2,0.5,1,0.1,0.9,10000,100,109,1.76000000000005
2,0.5,1,0.1,0.9,10000,500,87,1.29599999999999
2,0.5,1,0.1,0.9,10000,3000,58,0.833000000000027
2,0.5,1,0.1,0.9,30000,100,123,1.94299999999998
2,0.5,1,0.1,0.9,30000,500,102,1.82999999999998
2,0.5,1,0.1,0.9,30000,3000,77,0.98599999999999
2,0.5,1,0.2,0.8,10000,100,81,1.02600000000001
2,0.5,1,0.2,0.8,10000,500,61,0.980000000000018
2,0.5,1,0.2,0.8,10000,3000,36,0.44599999999997
2,0.5,1,0.2,0.8,30000,100,94,1.52600000000001
2,0.5,1,0.2,0.8,30000,500,75,1.23400000000004
2,0.5,1,0.2,0.8,30000,3000,52,0.64100000000002
2,0.5,1,0.2,0.9,10000,100,98,1.88100000000003
2,0.5,1,0.2,0.9,10000,500,76,1.00099999999998
2,0.5,1,0.2,0.9,10000,3000,47,0.528999999999996
2,0.5,1,0.2,0.9,30000,100,112,1.86099999999999
2,0.5,1,0.2,0.9,30000,500,91,1.26100000000002
2,0.5,1,0.2,0.9,30000,3000,66,0.925000000000011
2,0.5,5,0.05,0.8,10000,100,53,10.629
2,0.5,5,0.05,0.8,10000,500,42,6.896
2,0.5,5,0.05,0.8,10000,3000,29,4.188
2,0.5,5,0.05,0.8,30000,100,60,11.371
2,0.5,5,0.05,0.8,30000,500,49,7.085
2,0.5,5,0.05,0.8,30000,3000,38,6.342
2,0.5,5,0.05,0.9,10000,100,63,11.597
2,0.5,5,0.05,0.9,10000,500,51,7.98
2,0.5,5,0.05,0.9,10000,3000,36,6.89500000000001
2,0.5,5,0.05,0.9,30000,100,70,16.025
2,0.5,5,0.05,0.9,30000,500,59,9.91500000000001
2,0.5,5,0.05,0.9,30000,3000,46,6.93900000000001
2,0.5,5,0.1,0.8,10000,100,48,7.892
2,0.5,5,0.1,0.8,10000,500,38,7.069
2,0.5,5,0.1,0.8,10000,3000,24,3.44799999999999
2,0.5,5,0.1,0.8,30000,100,55,11.004
2,0.5,5,0.1,0.8,30000,500,45,7.827
2,0.5,5,0.1,0.8,30000,3000,33,3.92999999999998
2,0.5,5,0.1,0.9,10000,100,58,10.896
2,0.5,5,0.1,0.9,10000,500,46,7.39099999999999
2,0.5,5,0.1,0.9,10000,3000,31,4.02000000000001
2,0.5,5,0.1,0.9,30000,100,65,12.117
2,0.5,5,0.1,0.9,30000,500,54,9.727
2,0.5,5,0.1,0.9,30000,3000,41,6.43799999999998
2,0.5,5,0.2,0.8,10000,100,43,6.72400000000001
2,0.5,5,0.2,0.8,10000,500,32,3.93600000000001
2,0.5,5,0.2,0.8,10000,3000,19,1.654
2,0.5,5,0.2,0.8,30000,100,50,7.38999999999999
2,0.5,5,0.2,0.8,30000,500,40,6.19499999999999
2,0.5,5,0.2,0.8,30000,3000,28,3.71100000000001
2,0.5,5,0.2,0.9,10000,100,52,10.036
2,0.5,5,0.2,0.9,10000,500,40,6.262
2,0.5,5,0.2,0.9,10000,3000,25,3.173
2,0.5,5,0.2,0.9,30000,100,60,10.638
2,0.5,5,0.2,0.9,30000,500,48,6.759
2,0.5,5,0.2,0.9,30000,3000,35,4.17099999999999
2,0.5,10,0.05,0.8,10000,100,47,29.5269999999999
2,0.5,10,0.05,0.8,10000,500,38,25.946
2,0.5,10,0.05,0.8,10000,3000,26,13.231
2,0.5,10,0.05,0.8,30000,100,53,39.721
2,0.5,10,0.05,0.8,30000,500,44,27.075
2,0.5,10,0.05,0.8,30000,3000,33,14.901
2,0.5,10,0.05,0.9,10000,100,56,40.522
2,0.5,10,0.05,0.9,10000,500,45,27.556
2,0.5,10,0.05,0.9,10000,3000,32,15.268
2,0.5,10,0.05,0.9,30000,100,63,43.642
2,0.5,10,0.05,0.9,30000,500,53,37.58
2,0.5,10,0.05,0.9,30000,3000,41,24.324
2,0.5,10,0.1,0.8,10000,100,43,24.73
2,0.5,10,0.1,0.8,10000,500,33,14.981
2,0.5,10,0.1,0.8,10000,3000,21,12.1379999999999
2,0.5,10,0.1,0.8,30000,100,49,27.625
2,0.5,10,0.1,0.8,30000,500,40,24.6020000000001
2,0.5,10,0.1,0.8,30000,3000,29,15.7479999999999
2,0.5,10,0.1,0.9,10000,100,51,28.2010000000001
2,0.5,10,0.1,0.9,10000,500,41,25.241
2,0.5,10,0.1,0.9,10000,3000,27,12.374
2,0.5,10,0.1,0.9,30000,100,58,38.193
2,0.5,10,0.1,0.9,30000,500,48,25.553
2,0.5,10,0.1,0.9,30000,3000,36,21.6370000000001
2,0.5,10,0.2,0.8,10000,100,38,23.1
2,0.5,10,0.2,0.8,10000,500,29,13.236
2,0.5,10,0.2,0.8,10000,3000,17,5.68800000000001
2,0.5,10,0.2,0.8,30000,100,44,26.338
2,0.5,10,0.2,0.8,30000,500,35,16.918
2,0.5,10,0.2,0.8,30000,3000,24,12.654
2,0.5,10,0.2,0.9,10000,100,46,25.0070000000001
2,0.5,10,0.2,0.9,10000,500,36,21.619
2,0.5,10,0.2,0.9,10000,3000,22,11.137
2,0.5,10,0.2,0.9,30000,100,53,36.403
2,0.5,10,0.2,0.9,30000,500,43,23.8240000000001
2,0.5,10,0.2,0.9,30000,3000,31,14.3829999999998
2,0.5,20,0.05,0.8,10000,100,44,153.958
2,0.5,20,0.05,0.8,10000,500,35,70.496
2,0.5,20,0.05,0.8,10000,3000,24,59.0710000000001
2,0.5,20,0.05,0.8,30000,100,50,138.651
2,0.5,20,0.05,0.8,30000,500,41,126.624
2,0.5,20,0.05,0.8,30000,3000,31,72.778
2,0.5,20,0.05,0.9,10000,100,52,184.745
2,0.5,20,0.05,0.9,10000,500,43,115.056
2,0.5,20,0.05,0.9,10000,3000,30,61.7800000000002
2,0.5,20,0.05,0.9,30000,100,59,190.266
2,0.5,20,0.05,0.9,30000,500,49,128.389
2,0.5,20,0.05,0.9,30000,3000,38,110.255
2,0.5,20,0.1,0.8,10000,100,40,112.229
2,0.5,20,0.1,0.8,10000,500,31,63.2849999999998
2,0.5,20,0.1,0.8,10000,3000,20,51.1500000000001
2,0.5,20,0.1,0.8,30000,100,46,125.851
2,0.5,20,0.1,0.8,30000,500,37,110.071
2,0.5,20,0.1,0.8,30000,3000,27,55.9969999999998
2,0.5,20,0.1,0.9,10000,100,48,127.957
2,0.5,20,0.1,0.9,10000,500,38,107.995
2,0.5,20,0.1,0.9,10000,3000,25,54.5079999999999
2,0.5,20,0.1,0.9,30000,100,54,188.249
2,0.5,20,0.1,0.9,30000,500,45,122.454
2,0.5,20,0.1,0.9,30000,3000,34,68.4070000000002
2,0.5,20,0.2,0.8,10000,100,36,109.734
2,0.5,20,0.2,0.8,10000,500,27,55.9459999999998
2,0.5,20,0.2,0.8,10000,3000,16,24.7449999999999
2,0.5,20,0.2,0.8,30000,100,41,114.496
2,0.5,20,0.2,0.8,30000,500,33,66.2829999999999
2,0.5,20,0.2,0.8,30000,3000,23,52.6879999999996
2,0.5,20,0.2,0.9,10000,100,43,114.37
2,0.5,20,0.2,0.9,10000,500,33,66.8639999999996
2,0.5,20,0.2,0.9,10000,3000,20,51.2390000000001
2,0.5,20,0.2,0.9,30000,100,50,128.481
2,0.5,20,0.2,0.9,30000,500,40,112.836
2,0.5,20,0.2,0.9,30000,3000,29,62.1790000000001
2,1,1,0.05,0.8,10000,100,140,4.322
2,1,1,0.05,0.8,10000,500,112,2.861
2,1,1,0.05,0.8,10000,3000,77,1.773
2,1,1,0.05,0.8,30000,100,158,4.976
2,1,1,0.05,0.8,30000,500,131,3.469
2,1,1,0.05,0.8,30000,3000,100,2.768
2,1,1,0.05,0.9,10000,100,167,5.951
2,1,1,0.05,0.9,10000,500,136,4.1
2,1,1,0.05,0.9,10000,3000,96,2.269
2,1,1,0.05,0.9,30000,100,187,6.661
2,1,1,0.05,0.9,30000,500,157,4.961
2,1,1,0.05,0.9,30000,3000,122,3.462
2,1,1,0.1,0.8,10000,100,128,3.519
2,1,1,0.1,0.8,10000,500,100,2.794
2,1,1,0.1,0.8,10000,3000,64,1.263
2,1,1,0.1,0.8,30000,100,146,4.284
2,1,1,0.1,0.8,30000,500,119,3.408
2,1,1,0.1,0.8,30000,3000,87,2.21300000000001
2,1,1,0.1,0.9,10000,100,153,5.00299999999999
2,1,1,0.1,0.9,10000,500,122,3.483
2,1,1,0.1,0.9,10000,3000,82,1.769
2,1,1,0.1,0.9,30000,100,174,6.046
2,1,1,0.1,0.9,30000,500,143,4.285
2,1,1,0.1,0.9,30000,3000,108,2.87299999999999
2,1,1,0.2,0.8,10000,100,114,2.89100000000001
2,1,1,0.2,0.8,10000,500,86,2.174
2,1,1,0.2,0.8,10000,3000,50,0.883000000000005
2,1,1,0.2,0.8,30000,100,132,4.234
2,1,1,0.2,0.8,30000,500,105,2.774
2,1,1,0.2,0.8,30000,3000,73,1.674
2,1,1,0.2,0.9,10000,100,138,4.21000000000001
2,1,1,0.2,0.9,10000,500,107,2.814
2,1,1,0.2,0.9,10000,3000,65,1.235
2,1,1,0.2,0.9,30000,100,159,5.01100000000001
2,1,1,0.2,0.9,30000,500,128,3.55199999999999
2,1,1,0.2,0.9,30000,3000,92,2.259
2,1,5,0.05,0.8,10000,100,93,44.944
2,1,5,0.05,0.8,10000,500,75,31.601
2,1,5,0.05,0.8,10000,3000,51,15.245
2,1,5,0.05,0.8,30000,100,105,56.565
2,1,5,0.05,0.8,30000,500,87,43.361
2,1,5,0.05,0.8,30000,3000,66,23.634
2,1,5,0.05,0.9,10000,100,111,60.997
2,1,5,0.05,0.9,10000,500,90,45.932
2,1,5,0.05,0.9,10000,3000,64,25.404
2,1,5,0.05,0.9,30000,100,125,76.529
2,1,5,0.05,0.9,30000,500,105,57.9870000000001
2,1,5,0.05,0.9,30000,3000,81,33.542
2,1,5,0.1,0.8,10000,100,85,43.347
2,1,5,0.1,0.8,10000,500,66,24.429
2,1,5,0.1,0.8,10000,3000,42,15.125
2,1,5,0.1,0.8,30000,100,97,46.474
2,1,5,0.1,0.8,30000,500,79,33.05
2,1,5,0.1,0.8,30000,3000,58,21.7270000000001
2,1,5,0.1,0.9,10000,100,102,55.4369999999999
2,1,5,0.1,0.9,10000,500,81,33.203
2,1,5,0.1,0.9,10000,3000,54,23.1499999999999
2,1,5,0.1,0.9,30000,100,115,60.5270000000001
2,1,5,0.1,0.9,30000,500,95,46.312
2,1,5,0.1,0.9,30000,3000,72,32.4959999999999
2,1,5,0.2,0.8,10000,100,76,34.219
2,1,5,0.2,0.8,10000,500,57,22.7360000000001
2,1,5,0.2,0.8,10000,3000,33,9.14400000000001
2,1,5,0.2,0.8,30000,100,88,46.461
2,1,5,0.2,0.8,30000,500,70,32.748
2,1,5,0.2,0.8,30000,3000,48,15.9879999999999
2,1,5,0.2,0.9,10000,100,92,45.7070000000002
2,1,5,0.2,0.9,10000,500,71,33.1019999999999
2,1,5,0.2,0.9,10000,3000,43,14.671
2,1,5,0.2,0.9,30000,100,105,59.052
2,1,5,0.2,0.9,30000,500,85,44.8730000000001
2,1,5,0.2,0.9,30000,3000,61,24.1499999999999
2,1,10,0.05,0.8,10000,100,87,215.921
2,1,10,0.05,0.8,10000,500,70,150.868
2,1,10,0.05,0.8,10000,3000,47,67.944
2,1,10,0.05,0.8,30000,100,99,226.801
2,1,10,0.05,0.8,30000,500,82,157.113
2,1,10,0.05,0.8,30000,3000,62,114.157
2,1,10,0.05,0.9,10000,100,104,282.044
2,1,10,0.05,0.9,10000,500,85,198.599
2,1,10,0.05,0.9,10000,3000,60,105.253
2,1,10,0.05,0.9,30000,100,117,371.656
2,1,10,0.05,0.9,30000,500,98,220.076
2,1,10,0.05,0.9,30000,3000,76,155.551
2,1,10,0.1,0.8,10000,100,79,161.474
2,1,10,0.1,0.8,10000,500,62,112.838
2,1,10,0.1,0.8,10000,3000,39,63.2739999999997
2,1,10,0.1,0.8,30000,100,91,193.990000000001
2,1,10,0.1,0.8,30000,500,74,135.553
2,1,10,0.1,0.8,30000,3000,54,89.2349999999997
2,1,10,0.1,0.9,10000,100,95,199.35
2,1,10,0.1,0.9,10000,500,76,141.907
2,1,10,0.1,0.9,10000,3000,50,63.3099999999997
2,1,10,0.1,0.9,30000,100,108,259.699
2,1,10,0.1,0.9,30000,500,89,210.548
2,1,10,0.1,0.9,30000,3000,67,105.715
2,1,10,0.2,0.8,10000,100,71,135.682
2,1,10,0.2,0.8,10000,500,53,101.691999999999
2,1,10,0.2,0.8,10000,3000,31,38.6710000000001
2,1,10,0.2,0.8,30000,100,82,162.728000000001
2,1,10,0.2,0.8,30000,500,65,100.728
2,1,10,0.2,0.8,30000,3000,45,65.5439999999994
2,1,10,0.2,0.9,10000,100,86,187.882
2,1,10,0.2,0.9,10000,500,66,101.318
2,1,10,0.2,0.9,10000,3000,40,56.2280000000001
2,1,10,0.2,0.9,30000,100,99,224.061
2,1,10,0.2,0.9,30000,500,80,163.444
2,1,10,0.2,0.9,30000,3000,57,106.889
